source_concept_id,source_concept_name,is_retired,type,Reference code system,Reference code,frequency
654,None,0,Misc,CIEL,1107,8030
770,No,0,Misc,CIEL,1066,4767
771,Yes,0,Misc,CIEL,1065,2991
50786,All,0,Misc,CIEL,1163,1365
3481,Continue regimen,0,Misc Order,CIEL,1257,1316
3487,Antiretroviral plan,0,Question,CIEL,1255,1027
39928,PCP prophylaxis plan,0,Question,CIEL,1261,1025
39337,Tuberculosis prophylaxis plan,0,Question,CIEL,1265,1025
12121,Pay category,0,Question,CIEL,5282,1023
38864,Tuberculosis treatment plan,0,Question,CIEL,1268,1022
3380,Return visit date,0,Misc,CIEL,5096,1021
4166,Temperature (C),0,Finding,CIEL,5088,1017
51496,New complaints,0,Question,CIEL,1154,1016
4169,Pulse,0,Finding,CIEL,5087,1016
4173,Arterial blood oxygen saturation (pulse oximeter),0,Question,CIEL,5092,1014
54964,Patient reported current cryptococcus treatment,0,Question,CIEL,1112,1012
4168,Weight (kg),0,Finding,CIEL,5089,1010
42253,Scheduled visit,0,Question,CIEL,1246,1008
51371,Overall drug adherence in last month,0,Question,CIEL,1156,1007
48127,Antiretroviral use,0,Question,CIEL,1192,1003
52746,Pilot,0,Misc,CIEL,1139,975
37447,Cryptococcal treatment plan,0,Question,CIEL,1277,965
4164,Systolic blood pressure,0,Finding,CIEL,5085,959
4165,Diastolic blood pressure,0,Finding,CIEL,5086,959
55043,Patient reported current tuberculosis treatment,0,Question,CIEL,1111,951
11966,Current WHO HIV stage,0,Finding,CIEL,5356,950
10409,Discordant couple,0,Question,CIEL,6096,919
41926,New WHO/CDC staging criteria met,0,Question,CIEL,1248,919
3439,Referrals ordered,0,Question,CIEL,1272,918
55102,Patient reported current tuberculosis prophylaxis,0,Question,CIEL,1110,902
50705,Antiretroviral adherence in past week,0,Question,CIEL,1164,839
10370,Stavudine,1,Drug,,,748
10365,Lamivudine,1,Drug,,,746
51405,Primary regimen,0,Question,CIEL,1155,685
10356,Nevirapine,1,Drug,,,673
55154,Patient reported current PCP prophylaxis,0,Question,CIEL,1109,644
3373,Pregnancy status,0,Question,CIEL,5272,612
52173,Conception since last visit,0,Question,CIEL,1146,576
38390,Tests ordered,0,Question,CIEL,1271,488
46777,WHO stage 3 adult,0,ConvSet,CIEL,1206,403
4368,Trimethoprim and sulfamethoxazole,1,Drug,,,389
10476,PCP prophylaxis adherence in past week,0,Question,CIEL,6065,376
46938,WHO stage 1 adult,0,ConvSet,CIEL,1204,305
656,Unknown,0,Misc,CIEL,1067,289
653,Normal,0,Misc,CIEL,1115,275
225,Serum glutamic-pyruvic transaminase,0,Test,CIEL,654,254
4181,On Antiretrovirals Treatment,0,Misc,SNOMED MVP,OATT,252
229,CD4 count,0,Test,CIEL,5497,191
211,CD4%,0,Test,CIEL,730,189
4739,CD8 count,0,Test,CIEL,853,186
223,CD4 panel,0,LabSet,CIEL,657,172
242,Haemoglobin,0,Test,CIEL,21,166
37599,Medication received at visit,0,Question,CIEL,1276,144
221,White blood cells,0,Test,CIEL,678,143
212,Platelets,0,Test,CIEL,729,142
205,Mean corpuscular volume,0,Test,CIEL,851,141
46880,WHO stage 2 adult,0,ConvSet,CIEL,1205,139
4330,Absolute lymphocyte count,0,Test,CIEL,952,137
10352,Efavirenz,1,Drug,,,133
209,Serum creatinine (umol/L),0,Test,CIEL,790,117
671,Complete blood count,0,LabSet,CIEL,1019,109
10306,Isoniazid,1,Drug,,,106
50618,Tuberculosis prophylaxis adherence in past week,0,Question,CIEL,1165,106
46658,WHO stage 4 adult,0,ConvSet,CIEL,1207,103
36285,Still on treatment,0,State,CIEL,160037,95
4312,Mother,0,Misc,CIEL,970,73
10450,Tuberculosis treatment adherence in past week,0,Question,CIEL,6077,68
134,Lamivudine / zidovudine,0,Drug,CIEL,630,67
4167,Height (cm),0,Finding,CIEL,5090,66
3477,Stop all,0,Misc Order,CIEL,1260,64
12077,Childs current HIV status,0,Question,CIEL,5303,57
3738,Immunizations,0,ConvSet,CIEL,984,57
12053,Head circumference,0,Finding,CIEL,5314,55
4306,Hospitalized since last visit,0,Question,CIEL,976,54
11479,Mother deceased,0,Question,CIEL,5588,54
36291,Treatment complete,0,State,CIEL,160035,54
4314,Family member accompanying patient,0,Question,CIEL,969,53
11477,Father deceased,0,Question,CIEL,5589,53
6689,Lopinavir / ritonavir,0,Drug,CIEL,794,52
46439,Peds CDC category query,0,Finding,CIEL,1209,52
45111,Peds WHO category query,0,Finding,CIEL,1224,51
51679,Weaned,0,Finding,CIEL,1152,51
51774,Infant feeding method,0,Question,CIEL,1151,50
4304,Family member that administers medications,0,Question,CIEL,979,49
3612,Cardiac exam findings,0,Finding,CIEL,1124,49
3614,Chest exam findings,0,Finding,CIEL,1123,49
4171,Respiratory rate,0,Question,CIEL,5242,48
3608,Musculoskeletal exam findings,0,Finding,CIEL,1128,48
53681,Neurologic exam findings,0,Finding,CIEL,1129,48
3611,Abdominal exam findings,0,Finding,CIEL,1125,48
3615,HEENT exam findings,0,Finding,CIEL,1122,47
3739,Diphtheria tetanus and pertussis vaccination,0,Procedure,CIEL,781,47
991951,GROUP FOLLOWING,0,State,,,47
3720,Hemophilus influenza B vaccine,0,Drug,CIEL,5261,47
47514,Previous immunizations administered,0,Question,CIEL,1198,46
3632,Acute coryza,0,Diagnosis,CIEL,106,46
3740,"Polio vaccination, oral",0,Procedure,CIEL,783,46
3712,Bacillus Calmette–Guérin vaccine,0,Procedure,CIEL,886,46
3718,Hepatitis B vaccination,0,Procedure,CIEL,782,46
52531,National AIDS sexually transmitted disease control program,0,Misc,CIEL,1141,45
6592,Didanosine,1,Drug,,,45
3486,Start drugs,0,Misc Order,CIEL,1256,39
991742,PATIENT DIED,0,State,,,37
160,Ethambutol and isoniazid,0,Drug,CIEL,1108,36
3721,Measles vaccination,0,Procedure,CIEL,36,36
4299,Feeding plan,0,Question,CIEL,985,35
10514,Mixed feeding,0,Finding,CIEL,6046,32
227,Other non-coded,0,Misc,CIEL,5622,31
50268,HIV infected,1,Diagnosis,CIEL,1169,31
3247,Completed,0,Finding,CIEL,1267,31
6063,Abacavir,1,Drug,,,30
45406,WHO stage 1 peds,0,ConvSet,CIEL,1220,29
5753,Exposure to HIV,0,Finding,CIEL,822,26
44554,Malaria,1,Diagnosis,SNOMED CT,105649009,26
1501,Asymptomatic HIV infection,0,Diagnosis,CIEL,5327,26
6531,Retrovir,1,Drug,RxNORM,11413,25
39773,Reason PCP prophylaxis stopped,0,Question,CIEL,1262,24
39188,Reason tuberculosis prophylaxis stopped,0,Question,CIEL,1266,24
992003,GROUP TB 1,0,State,,,22
3680,"X-ray, chest",0,Radiology/Imaging Procedure,CIEL,12,21
40991,CD4 count greater than 200,0,Finding,CIEL,1254,21
37155,Number of weeks pregnant,1,Question,AMPATH,1279,21
5821,Peripheral neuropathy,1,Diagnosis,,,20
6747,Lamivudine / nevirapine / stavudine,0,Drug,CIEL,792,20
48270,Dermatitis,0,Finding,CIEL,119,16
55830,Antiretrovirals used for MTCT prophylaxis,0,Question,CIEL,1084,16
50862,Most,0,Misc,CIEL,1162,15
41290,Reason antiretrovirals stopped,0,Question,CIEL,1252,15
991989,GROUP PMTCT 1,0,State,,,15
652,Abnormal,0,Misc,CIEL,1116,14
991968,GROUP PEDI 1,0,State,,,14
47020,CDC category c,0,ConvSet,CIEL,1203,14
991987,GROUP 14,0,State,,,14
991972,GROUP 4,0,State,,,14
48798,Treatment,0,Misc,CIEL,1185,13
41439,Reason antiretrovirals started,0,Question,CIEL,1251,13
3273,Isoniazid / pyrazinamide / rifampin,0,Drug,CIEL,768,12
991986,GROUP 2,0,State,,,12
991974,GROUP PEDI FOLLOWING,0,State,,,11
991949,GROUP TB 2,0,State,,,11
159,Rifampicin isoniazid pyrazinamide and ethambutol,0,Drug,CIEL,1131,11
991993,GROUP 15,0,State,,,11
45201,WHO stage 3 peds,0,ConvSet,CIEL,1222,11
991953,GROUP 17,0,State,,,11
51334,Pneumocystic carinii pneumonia prophylactic drugs,0,MedSet,CIEL,1157,11
991954,GROUP PMTCT,0,State,,,11
991988,GROUP 16,0,State,,,11
991957,GROUP 18,0,State,,,10
991969,GROUP 10,0,State,,,10
991962,GROUP 12,0,State,,,10
991980,GROUP 21,0,State,,,10
3480,Change formulation,0,Misc Order,CIEL,1258,9
3364,Nutritional support,0,Procedure,CIEL,5484,9
991959,GROUP 6,0,State,,,9
991976,GROUP 9,0,State,,,9
4286,"Respiratory tract infection, NOS",0,Diagnosis,CIEL,999,9
36288,Patient transferred out,0,State,CIEL,160036,9
55829,Antiretroviral drugs,0,MedSet,CIEL,1085,9
45307,WHO stage 2 peds,0,ConvSet,CIEL,1221,9
12889,Pneumonia,1,Diagnosis,SNOMED CT,233604007,9
991964,GROUP 8,0,State,,,9
3361,Adherence counseling,0,Procedure,CIEL,5488,9
3479,Change regimen,0,Misc Order,CIEL,1259,9
202,HIV viral load,0,Test,CIEL,856,8
4307,Aunt,0,Misc,CIEL,975,8
38711,Reason tuberculosis treatment stopped,0,Question,CIEL,1269,8
54821,Tuberculosis drug treatment start date,0,Question,CIEL,1113,8
10347,Nelfinavir,1,Drug,,,7
1002,Myalgia,0,Finding,CIEL,121,7
47084,CDC category b,0,ConvSet,CIEL,1202,7
3206,"Toxicity, drug",0,Diagnosis,CIEL,102,7
991955,GROUP 19,0,State,,,7
11408,Other family member,0,Misc,CIEL,5620,6
8239,Ethambutol,1,Drug,,,6
991967,GROUP 20,0,State,,,6
51038,Arthritis,1,Diagnosis,SNOMED CT,3723001,6
991970,GROUP 1,0,State,,,6
4309,Grandparent,0,Misc,CIEL,973,6
13947,Gastritis,1,Diagnosis,SNOMED CT,4556007,6
991965,GROUP 11,0,State,,,6
8168,Fluconazole,1,Drug,,,5
14383,Tinea capitis,1,Diagnosis,3BT,10016409,5
991958,GROUP 7,0,State,,,5
991983,GROUP 23,0,State,,,5
991994,GROUP 24,0,State,,,5
4364,Dapsone,1,Drug,,,5
11668,Urinary tract infection,1,Diagnosis,SNOMED CT,68566005,5
991963,GROUP 13,0,State,,,5
991971,GROUP 33,0,State,,,5
991995,GROUP 32,0,State,,,5
13399,Gastroenteritis,1,Diagnosis,SNOMED CT,111939009,5
47184,CDC category a,0,ConvSet,CIEL,1201,5
55849,Cough,1,Symptom/Finding,,,5
42090,Cryptococcus treatment adherence in past week,0,Question,CIEL,1247,5
991981,GROUP 30,0,State,,,5
642,Few,0,Misc,CIEL,1160,4
13973,Fungal infection,0,Diagnosis,CIEL,171,4
991998,GROUP PEDI 5,0,State,,,4
158,Rifampicin and isoniazid,0,Drug,CIEL,1194,4
991991,GROUP PEDI 4,0,State,,,4
929,Rash,0,Symptom/Finding,CIEL,512,4
12184,Infant formula,0,Drug,CIEL,5254,4
991985,GROUP 3,0,State,,,4
3071,Tonsillitis,0,Diagnosis,CIEL,112,4
51248,Tuberculosis prophylactic drugs,0,MedSet,CIEL,1158,4
1033,Bronchospasm,0,Symptom,CIEL,108,4
36363,Diarrhea,1,Diagnosis,SNOMED CT,62315008,4
1117,"Candidiasis, oral",0,Diagnosis,CIEL,5334,4
1530,"Pneumonia, tuberculous",0,Diagnosis,CIEL,42,4
4310,Sibling,0,Misc,CIEL,972,4
50517,Mucocutaneous exam findings,0,Finding,CIEL,1166,4
1534,"Candidiasis, vaginal",0,Diagnosis,CIEL,298,4
4311,Father,0,Misc,CIEL,971,4
991956,GROUP 27,0,State,,,4
4401,Rhinitis,1,Finding,,,3
991966,GROUP 22,0,State,,,3
991982,GROUP 36,0,State,,,3
1237,Pelvic inflammatory disease,0,Diagnosis,CIEL,902,3
3296,Dosing change,0,Finding,CIEL,981,3
4411,Anorexia,1,Finding,CIEL,868,3
36253,Transfer care to other center,0,Question,CIEL,1285,3
52639,Otitis media,1,Diagnosis,3BT,10058459,3
2439,"Anemia, iron deficiency",0,Diagnosis,CIEL,1226,3
3298,Pruritus,0,Finding,CIEL,879,3
13367,Peptic ulcer,1,Diagnosis,SNOMED CT,196705008,3
53357,Pharyngitis,1,Diagnosis,SNOMED CT,405737000,3
55820,"Wound, septic",1,Diagnosis,CIEL,109,3
992002,GROUP TB,0,State,,,3
5095,Regimen failure,0,Finding,CIEL,843,3
12734,Asthma,1,Diagnosis,SNOMED CT,371088008,3
12871,Streptomycin,1,Drug,,,3
51999,Total maternal to child transmission prophylaxis,0,Procedure,CIEL,1148,3
240,VDRL,0,Test,CIEL,299,3
665,"HIV DNA polymerase chain reaction, qualitative",0,Test,CIEL,1030,3
991996,GROUP 37,0,State,,,3
1136,Amoebiasis,0,Diagnosis,CIEL,124,3
4382,Hypertension,1,Diagnosis,SNOMED CT,38341003,3
991973,GROUP 5,0,State,,,3
991997,GROUP 28,0,State,,,3
991944,GROUP FOLLOWING 1,0,State,,,2
991990,GROUP 26,0,State,,,2
2274,Papular pruritic eruption associated with HIV infection,0,Diagnosis,CIEL,1249,2
11460,Date of confinement,0,Question,CIEL,5599,2
13363,Gastric ulcer,1,Diagnosis,SNOMED CT,59913009,2
51580,Child of HIV patient in clinic,0,Question,CIEL,1153,2
55104,Dyspepsia,0,Symptom/Finding,CIEL,111,2
991999,GROUP PEDI,0,State,,,2
781,Helminthiasis,0,Diagnosis,CIEL,199,2
4315,Cow milk,0,Misc,CIEL,968,2
10411,History of nevirapine to infant,0,Question,CIEL,6095,2
991984,GROUP 25,0,State,,,2
991992,GROUP 29,0,State,,,2
992000,GROUP PEDI 7,0,State,,,2
3305,Weight loss,0,Finding,CIEL,832,2
45139,WHO stage 4 peds,0,ConvSet,CIEL,1223,2
4287,"Respiratory tract infection, lower",0,Diagnosis,CIEL,998,2
4347,Dermatophytosis,1,Diagnosis,,,2
50197,Conjunctivitis,1,Diagnosis,SNOMED CT,241759005,2
51946,On antiretroviral therapy,0,Finding,CIEL,1149,2
658,"HIV enzyme immunoassay, qualitative",0,Test,CIEL,1042,2
5303,Hyperacidity,0,Finding,CIEL,837,2
34294,Lymphadenopathy,1,Finding,,,2
52123,Antiretroviral use during pregnancy,0,Question,CIEL,1147,2
13172,Anemia,1,Diagnosis,3BT,10005766,2
36162,Non-AMPATH,0,Misc,CIEL,1287,2
1184,Scabies,0,Diagnosis,CIEL,140,1
1756,Cellulitis,0,Diagnosis,CIEL,134,1
3362,Tuberculosis Treatment or DOT Program,0,Misc Order,CIEL,5487,1
4300,Weight change,0,Finding,CIEL,983,1
5514,Eczema,1,Diagnosis,SNOMED CT,24079001,1
13341,Sinusitis,1,Diagnosis,SNOMED CT,36971009,1
36246,AMPATH,0,Misc,CIEL,1286,1
37909,Moi teaching and referral hospital,0,Misc,CIEL,1274,1
991975,GROUP 35,0,State,,,1
1238,Pneumocystis carinii pneumonia,0,Diagnosis,CIEL,882,1
3365,Family planning services,0,Procedure,CIEL,5483,1
4305,Self,0,Misc,CIEL,978,1
4507,Genital sores,0,Finding,CIEL,864,1
17410,Allergy,1,Diagnosis,SNOMED CT,418925002,1
38074,Patient hospitalized location,0,Question,CIEL,1273,1
1493,HIV staging - salmonella septicemia,0,Diagnosis,CIEL,5354,1
2524,Verruca planus,0,Diagnosis,CIEL,1211,1
13380,Candidiasis,1,Diagnosis,SNOMED CT,78048006,1
22011,Vaginitis,1,Diagnosis,ICD-10-WHO,N76.0,1
41141,Completed total PMTCT,0,Finding,CIEL,1253,1
991952,GROUP PEDI 3,0,State,,,1
991961,GROUP PEDI 2,0,State,,,1
991977,GROUP 38,0,State,,,1
3338,Poor appetite,0,Symptom/Finding,CIEL,6031,1
11485,Immunizations up to date,0,Question,CIEL,5585,1
13384,Rheumatoid arthritis,1,Diagnosis,SNOMED CT,69896004,1
23593,Abscess,1,Diagnosis,SNOMED CT,128477000,1
991978,GROUP 34,0,State,,,1
1509,Failure to thrive,0,Diagnosis,CIEL,5050,1
3184,Bronchitis,0,Diagnosis,CIEL,147,1
3341,Abdominal swelling,0,Symptom/Finding,CIEL,6019,1
4289,"Conjunctivitis, allergic",0,Diagnosis,CIEL,995,1
5119,Folliculitis,1,Diagnosis,3BT,10033709,1
13386,Appendicitis,1,Diagnosis,3BT,10007993,1
32835,Dental caries,1,Diagnosis,SNOMED CT,80967001,1
991979,GROUP 31,0,State,,,1
992007,GROUP PRISON,0,State,,,1
3344,Paresthesia,0,Symptom,CIEL,6004,1
4298,Reason feeding method changed,0,Question,CIEL,986,1
10360,Measles,1,Diagnosis,3BT,10058369,1
10988,"Mass, other",0,Finding,CIEL,582,1
5333,Herpes zoster,1,Diagnosis,SNOMED CT,4740000,1
11032,Tuberculosis,1,Diagnosis,3BT,10100229,1
12016,HIV staging - minor mucocutaneous manifestations,0,Finding,CIEL,5330,1
47298,Allergic dermatitis,0,Diagnosis,CIEL,120,1
